<SerialDevice name="KukaKr16">
 <Frame name="Base" />
 
 <Joint name="Joint1" type="Revolute">
  <RPY> 0 0 180 </RPY> <Pos> 0 0 0</Pos>
 </Joint>
 <Joint name="Joint2" type="Revolute">
  <RPY> 90 -90 0 </RPY> <Pos> 0.26 0 0</Pos>
 </Joint>
 <Joint name="Joint3" type="Revolute">
  <RPY> -90 0 0 </RPY> <Pos> 0 -0.68 0</Pos>
 </Joint>
 <Joint name="Joint4" type="Revolute">
  <RPY> 0 90 180 </RPY> <Pos> 0 0.035 0</Pos></Joint>
 <Joint name="Joint5" type="Revolute">
  <RPY> 0 -90 0 </RPY> <Pos> 0 0 -0.67</Pos></Joint>
 <Joint name="Joint6" type="Revolute">
  <RPY> 0 90 0 </RPY> <Pos> -0.158 0 0</Pos></Joint>

 <PosLimit refjoint="Joint1" min="-185" max="185" />
 <PosLimit refjoint="Joint2" min="-155" max="35" />
 <PosLimit refjoint="Joint3" min="-130" max="154" />
 <PosLimit refjoint="Joint4" min="-350" max="350" />
 <PosLimit refjoint="Joint5" min="-130" max="130" />
 <PosLimit refjoint="Joint6" min="-350" max="350" />

 <Drawable name="BaseGeo" refframe="Base">
  <RPY> 0 0 0 </RPY> <Pos> 0 0 -0.675</Pos>
  <Polytope file="Geometry/Base" /></Drawable>
 <Drawable name="Joint1Geo" refframe="Joint1">
  <RPY> 0 0 180 </RPY> <Pos> 0.26 0 0</Pos>
  <Polytope file="Geometry/Joint1" /></Drawable>
 <Drawable name="Joint2Geo" refframe="Joint2">
  <RPY> 0 0 90 </RPY> <Pos> 0 0 0</Pos>
  <Polytope file="Geometry/Joint2" /></Drawable>
 <Drawable name="Joint3Geo" refframe="Joint3">
  <RPY> 0 0 90 </RPY> <Pos> 0 0 -0.14</Pos>
  <Polytope file="Geometry/Joint3" /></Drawable>
 <Drawable name="Joint4Geo" refframe="Joint4">
  <RPY> 90 90 0 </RPY> <Pos> 0 0 -0.495</Pos>
  <Polytope file="Geometry/Joint4" /></Drawable>
 <Drawable name="Joint5Geo" refframe="Joint5">
  <RPY> 180 0 90 </RPY> <Pos> -0.115 0 -0.0045</Pos>  
  <Polytope file="Geometry/Joint5" /></Drawable>
 <Drawable name="Joint6Geo" refframe="Joint6">
  <RPY> 90 90 0 </RPY> <Pos> 0 0 0.044</Pos>  
  <Polytope file="Geometry/Joint6" /></Drawable>
  
 
  <CollisionSetup file="CollisionSetup.prox.xml" />
<Q name="Home">0 -2.094 1.92 0 1.745 0</Q>
  
</SerialDevice>
