<TreeDevice name="PG70">
 <Frame name="Base" />
 
 <!-- We create this as a virtual joint, only used to control the two dependent joints -->

 <Frame name="TCP" refframe="Base" type="EndEffector">
 <RPY> -90 0 0 </RPY> <Pos> 0 0 0.15 </Pos>
 </Frame>
 
 <Joint name="RightFinger" refframe="Base" type="Prismatic">
  <RPY> 0 0 90 </RPY> <Pos> 0 -0.0045 0.093 </Pos>
 </Joint>
 <Frame name="TCPRight" refframe="RightFinger" type="EndEffector">
 </Frame>

 <!-- Frame name="TCP" refframe="Jaw" type="EndEffector">
  <RPY> 0 0 0 </RPY> <Pos> 0 0 0.093</Pos> 
 </Frame -->

 <Joint name="LeftFinger" refframe="Base" type="Prismatic">
  <RPY> 0 0 90 </RPY> <Pos> 0 0.0045 0.093</Pos> 
  <Depend on="RightFinger" gain="-1" offset="0" />
 </Joint>
 <Frame name="TCPLeft" refframe="LeftFinger" type="EndEffector">
 </Frame>
  
 <!--Joint name="RightFinger" refframe="Base" type="Prismatic">
  <RPY> 0 0 90 </RPY> <Pos> 0 -0.0045 0.093 </Pos>
  <Depend on="Jaw" gain="1" offset="0" />
 </Joint -->


<!-- Define limits -->
 <PosLimit refjoint="RightFinger" min="0" max="0.035" />

<!-- And know we add the geometry -->
 <Drawable name="BaseGeo" refframe="Base">
  <Polytope file="Geometry/cube" /></Drawable>

 <Drawable name="LeftGeo" refframe="LeftFinger">
  <RPY> 0 0 -90 </RPY> <Pos> 0 0 0</Pos>
  <Polytope file="Geometry/basejaw" /></Drawable>

 <Drawable name="RightGeo" refframe="RightFinger">
  <RPY> 0 180 -90 </RPY> <Pos> 0 0 0</Pos>
  <Polytope file="Geometry/basejaw" /></Drawable>

 <CollisionSetup file="CollisionSetup.prox.xml" />

</TreeDevice>
