<WorkCell name="PickPlacePlanner">


<Frame name="Robot" refframe="WORLD">
   <RPY> 0 0 0 </RPY> <Pos> -1 0 0.7 </Pos>
</Frame>

<Include file="KukaKr16/KukaKr16.wc.xml" />

<Frame name="ToolMount" refframe="KukaKr16.Joint6">
    <RPY>0 0 180</RPY> <Pos> 0 0 -0.0 </Pos>
</Frame>

<Include file="PG70/PG70.wc.xml" />

<Frame name="Pallet" refframe="WORLD">
     <RPY> 0 0 0 </RPY> <Pos>   0 0 0 </Pos>
     <Drawable name="Pallet" refframe="Pallet">
         <Polytope file="Geometry/Pallet3Frames" />
     </Drawable>
</Frame>


<Frame name="Table" refframe="WORLD">
     <RPY>90 0 0 </RPY> <Pos> -1.1 -1 0 </Pos>
     <Drawable name="Table" refframe="Table">
         <Polytope file="Geometry/table" />
     </Drawable>
</Frame>
 
<Frame name="LightFrame" refframe="WORLD">
     <RPY> 0 0 0 </RPY> <Pos> 1 0 0 </Pos>
     <Drawable name="LightFrame" refframe="LightFrame">
         <Polytope file="Geometry/Frame" />
     </Drawable>
</Frame>
  

<Frame name="Light" refframe="LightFrame">
     <RPY> 0 0 0 </RPY> <Pos> 0 0 2.2 </Pos>
     <Drawable name="Light" refframe="Light">
         <Polytope file="Geometry/Light" />
     </Drawable>
</Frame>



<Frame name="Floor" refframe="WORLD">
     <RPY> 0 0 90 </RPY> <Pos> 0.0 0.7 0 </Pos>
     <Drawable name="Floor" refframe="Floor">
         <Polytope file="Geometry/Fence3x2" />
     </Drawable>
</Frame>


<Frame name="Bottle" refframe="Table"  type="Movable" daf="true" >
     <RPY> -90 0 90 </RPY> <Pos> 0.0 0.0 0.78 </Pos>
     <Drawable name="Bottle" refframe="Bottle">
         <Polytope file="Geometry/bottle" />
     </Drawable>
</Frame>





<CollisionSetup file="SceneCollisionSetup.prox.xml" /> 

</WorkCell>
